{"mean": [[[28.116834746157554, 41.5686273396585, 25475.475878739147, 126.39190110251666]]], "std": [[[4.675830985872698, 10.475849683057856, 13603.631151795971, 63.64874687740234]]]}