{"mean": [[[40.46228986949693, 19.41014447946114, 27882.930206521884, 283.8135989619219]]], "std": [[[6.703141184026136, 20.63713741973639, 13459.798196749598, 69.6751209734208]]]}