{
  "0": 0.16344576299190516,
  "1": 0.16068071484565785,
  "2": 0.2910738956928261,
  "3": 0.5985818907618522,
  "4": 0.2761033070087437
}