{"mean": [[[30.334004313167682, 35.64800616849495, 29365.698226212025, 122.52395872800678]]], "std": [[[2.9874337305907592, 5.162619578109289, 10453.769428188838, 60.834805584726006]]]}