{"mean": [[[32.576888515808896, 35.02849652942316, 12181.915497823938, 198.90897405750943]]], "std": [[[1.591662304945591, 1.3840022367110456, 12498.285014309877, 108.92468170772672]]]}