{"0": 0.15005378425121305, "1": 0.3923910838365567, "2": 0.2318893754482286, "3": 0.12723580002784726, "4": 0.5471727356314677}