{"mean": [[[41.160080301503626, 15.180003173631459, 29682.53760791752, 173.63457877249687]]], "std": [[[6.826587138709933, 23.475026422796184, 12683.62580083555, 90.75294370016069]]]}