{"mean": [[[32.46358984747686, 34.7546953568585, 11940.179592295503, 158.40910473735173]]], "std": [[[2.072921484388578, 1.712328554032773, 11107.953951736921, 103.22162617029302]]]}