{"mean": [[[30.56900652482375, 36.13135407658492, 27815.86231542047, 249.61710474520788]]], "std": [[[4.127379675213502, 7.574921089304841, 11495.737108040796, 97.99053730913278]]]}