{
  "0": 0.3720601522922515,
  "1": 0.5073026128113288,
  "2": 0.5402200801670665,
  "3": 0.1483893126249313,
  "4": 0.9720592641830462
}