{"mean": [[[39.06570496028038, 23.935929708540034, 25453.14875991388, 141.39008517812144]]], "std": [[[5.612526831430866, 18.34015292747955, 14423.204141014148, 64.54555635678837]]]}