{"mean": [[[29.475862599947806, 39.84224223497644, 24612.876473948836, 265.9802553594568]]], "std": [[[4.644320647857676, 9.80668814887191, 13753.02276257753, 76.76419141260304]]]}