{"mean": [[[31.867286871989677, 33.946232435633824, 11005.156002539852, 194.56102792106245]]], "std": [[[2.7202648245230554, 2.62166306757, 10993.961986928576, 103.80461054049424]]]}